,_id,l_id,r_id,l_norm_movie_title,l_norm_title_year,l_duration,l_budget,l_content_rating,r_norm_title,r_norm_year,r_length,r_budget,r_mpaa,_sim_score
4771,4771,2639,235925,eye of the beholder,1999,109.0,15000000,R,eye of the beholder,1999,109.0,35000000,R,0.8333333333333334
11478,11478,2001,600301,rocky balboa,2006,139.0,24000000,PG,rocky balboa,2006,139.0,24000000,PG,1.0
13630,13630,4160,691766,from russia with love,1963,115.0,2000000,Approved,the aeolians: from russia with love,2012,,20000,,0.6666666666666666
1972,1972,1248,101029,sex tape,2014,94.0,40000000,R,blended,2014,117.0,40000000,PG-13,0.6666666666666666
15903,15903,722,758133,the scorch trials,2015,132.0,61000000,PG-13,the scorch trials,2015,132.0,61000000,PG-13,1.0
2669,2669,1032,132364,chappie,2015,120.0,49000000,R,chappie,2015,120.0,49000000,R,1.0
12733,12733,2962,656175,space battleship yamato,2010,138.0,12000000,TV-14,space battleship yamato,2010,138.0,12000000,,1.0
952,952,4202,50679,inside deep throat,2005,89.0,2000000,NC-17,ambulancen,2005,80.0,2000000,,0.6666666666666666
16389,16389,4689,773969,love in the time of monsters,2014,97.0,500000,,the werewolf of glenslake,2014,,500000,,0.6666666666666666
8017,8017,4504,410126,heli,2013,105.0,1000000,Not Rated,laurah guillen,2013,,1000000,,0.6666666666666666
17346,17346,4879,820348,run  hide  die,2012,75.0,50000,,vandez,2012,45.0,50000,,0.6666666666666666
14772,14772,2430,725632,the white ribbon,2009,144.0,12000000,R,the hole,2009,92.0,12000000,PG-13,0.75
6156,6156,4435,296232,unfriended,2014,83.0,1000000,R,heal for free,2014,74.0,1000000,,0.6666666666666666
13900,13900,4541,699713,the brass teapot,2012,101.0,900000,R,the brass teapot,2012,101.0,900000,R,1.0
10444,10444,2594,550379,snitch,2013,112.0,15000000,PG-13,peeples,2013,95.0,15000000,PG-13,0.6666666666666666
17359,17359,2362,821457,neighbors,2014,97.0,18000000,R,vecinos  neighbors,2014,,1000,,0.6666666666666666
15136,15136,4406,734143,q,2011,103.0,1500000,,the life zone,2011,81.0,1500000,PG-13,0.6666666666666666
295,295,3698,8906,made,2001,95.0,5000000,R,7up commercial james bond theme,2001,1.0,5000000,,0.6666666666666666
2201,2201,3086,110276,rushmore,1998,93.0,9000000,R,break up,1998,100.0,9000000,R,0.6666666666666666
13379,13379,2465,680447,saw 3d: the final chapter,2010,90.0,20000000,R,takers,2010,107.0,20000000,PG-13,0.6666666666666666
12075,12075,3355,628148,fido,2006,93.0,8000000,R,seung sing,2006,,8000000,,0.6666666666666666
4431,4431,4417,218270,waiting...,2005,94.0,3000000,R,el mtodo,2005,115.0,3000000,,0.6666666666666666
7945,7945,4332,405213,hatchet,2006,93.0,1500000,R,ladrones y mentirosos,2006,114.0,1500000,R,0.6666666666666666
1943,1943,883,100495,blade ii,2002,117.0,54000000,R,blade ii,2002,108.0,54000000,R,1.0
7870,7870,4666,384539,the little ponderosa zoo,2016,84.0,500000,,ladieu,2016,10.0,500000,,0.6666666666666666
1818,1818,4499,95026,special,2006,81.0,1000000,R,bickford shmecklers cool ideas,2006,79.0,1000000,,0.6666666666666666
6907,6907,4546,332749,1982,2013,90.0,1000000,R,in da cut,2013,103.0,1000000,,0.6666666666666666
17493,17493,4869,831022,bending steel,2013,92.0,50000,,vuelve,2013,88.0,50000,,0.6666666666666666
875,875,67,46064,up,2009,96.0,175000000,PG,all broken up,2009,4.0,0,,0.6666666666666666
4414,4414,4642,214507,rubber,2010,82.0,500000,R,el khoroug,2010,97.0,500000,,0.6666666666666666
9887,9887,4446,519784,the devil inside,2012,83.0,1000000,R,oass,2012,105.0,1000000,,0.6666666666666666
7251,7251,4507,347361,hits,2014,96.0,1000000,,jaatishwar,2014,150.0,1000000,,0.6666666666666666
2429,2429,3458,119505,somewhere,2010,97.0,7000000,R,ca$h,2010,118.0,7000000,R,0.6666666666666666
10756,10756,1461,569392,premium rush,2012,91.0,35000000,PG-13,premium rush,2012,91.0,35000000,PG-13,1.0
12967,12967,2861,663023,oscar and lucinda,1997,132.0,16000000,R,steel,1997,97.0,16000000,PG-13,0.6666666666666666
12749,12749,4867,656738,counting,2015,111.0,50000,,sparks fly,2015,5.0,50000,,0.6666666666666666
9963,9963,1646,524390,carrie,2013,100.0,30000000,R,oldboy,2013,104.0,30000000,R,0.6666666666666666
8633,8633,905,453650,mamma mia!,2008,108.0,52000000,PG-13,mamma mia!,2008,108.0,52000000,PG-13,1.0
2124,2124,4174,106757,boom town,1940,119.0,1614000,Passed,boom town,1940,119.0,1614000,,1.0
1946,1946,728,100510,collateral,2004,120.0,65000000,R,blade: trinity,2004,122.0,65000000,R,0.6666666666666666
841,841,2211,44973,nerve,2016,96.0,20000000,PG-13,ali and nino,2016,100.0,20000000,,0.6666666666666666
8210,8210,4044,429111,the divide,2011,122.0,3000000,R,likvidator,2011,94.0,3000000,,0.6666666666666666
14743,14743,3023,725335,jindabyne,2006,118.0,15000000,R,the hills have eyes,2006,107.0,15000000,R,0.6666666666666666
6856,6856,4059,326567,iguana,1988,97.0,3000000,,iguana,1988,97.0,3000000,,1.0
6186,6186,4114,297592,religulous,2008,101.0,2500000,R,heatstroke,2008,83.0,2500000,,0.6666666666666666
4960,4960,1243,246825,paul,2011,109.0,40000000,R,final destination 5,2011,92.0,40000000,R,0.6666666666666666
15999,15999,569,760920,the simpsons movie,2007,87.0,75000000,PG-13,the simpsons movie,2007,87.0,75000000,PG-13,1.0
3841,3841,3472,185954,twixt,2011,88.0,7000000,R,devour,2011,,7000000,,0.6666666666666666
8705,8705,4702,455347,maniac,2012,89.0,6000000,Not Rated,maniac,2012,89.0,6000000,,1.0
3160,3160,766,152685,duplicity,2009,125.0,60000000,PG-13,coraline,2009,100.0,60000000,PG,0.6666666666666666
8672,8672,4801,454591,theresa is a mother,2012,105.0,200000,,manalive,2012,,200000,,0.6666666666666666
11420,11420,4445,598330,transamerica,2005,103.0,1000000,R,rivers end,2005,90.0,1000000,,0.6666666666666666
4266,4266,4003,206031,before midnight,2013,109.0,3000000,R,due,2013,,3000000,,0.6666666666666666
7702,7702,3712,373150,kill the messenger,2014,112.0,5000000,R,kill the messenger,2014,112.0,5000000,R,1.0
17517,17517,4820,832160,aroused,2013,66.0,150000,,waiting for mamu,2013,40.0,150000,,0.6666666666666666
16792,16792,117,794858,i am legend,2007,104.0,150000000,PG-13,transformers,2007,144.0,150000000,PG-13,0.6666666666666666
8003,8003,3699,408749,moon,2009,97.0,5000000,R,last day of summer,2009,85.0,5000000,R,0.6666666666666666
12116,12116,4200,630363,in the shadow of the moon,2007,100.0,2000000,PG,shadow in the trees,2007,110.0,750000,,0.6666666666666666
14633,14633,243,721908,gravity,2013,91.0,100000000,PG-13,the gravity,2013,75.0,10000,,0.6666666666666666
6274,6274,988,301619,hereafter,2010,129.0,50000000,PG-13,hereafter,2010,129.0,50000000,PG-13,1.0
9174,9174,4688,480004,i want your money,2010,92.0,400000,PG,money,2010,90.0,30000,,0.6666666666666666
2639,2639,3159,130754,my blueberry nights,2007,95.0,10000000,PG-13,chacha,2007,128.0,10000000,,0.6666666666666666
15523,15523,4715,747127,the prophecy,1995,98.0,8000000,R,the outpost,1995,97.0,8000000,R,0.75
6352,6352,4904,305131,tin can man,2007,83.0,10000,,hinge,2007,3.0,10000,,0.6666666666666666
5938,5938,4617,288164,open water,2003,79.0,500000,R,haggard,2003,96.0,500000,R,0.6666666666666666
6381,6381,4858,307983,tiger orange,2014,75.0,100000,Unrated,hoxxxton,2014,90.0,100000,,0.6666666666666666
9977,9977,4904,525229,tin can man,2007,83.0,10000,,omg/hahaha,2007,74.0,10000,,0.6666666666666666
16437,16437,4035,775801,bachelorette,2012,87.0,3000000,R,the woodcarver,2012,96.0,3000000,PG,0.6666666666666666
8441,8441,4747,441021,love and other catastrophes,1996,76.0,250000,R,love and other catastrophes,1996,78.0,250000,R,1.0
9521,9521,2200,497502,nancy drew,2007,99.0,20000000,PG,nancy drew,2007,99.0,20000000,PG,1.0
12002,12002,3118,624009,seeking a friend for the end of the world,2012,101.0,10000000,R,seeking a friend for the end of the world,2012,101.0,10000000,R,1.0
9957,9957,2007,524279,old school,2003,88.0,24000000,R,old school,2003,88.0,24000000,R,1.0
11437,11437,339,599549,transcendence,2014,119.0,100000000,PG-13,robocop,2014,117.0,100000000,PG-13,0.6666666666666666
12260,12260,3429,636374,house of 1000 corpses,2003,105.0,7000000,R,short,2003,20.0,1000,,0.6666666666666666
6058,6058,4488,292733,hardflip,2012,112.0,1000000,PG-13,hardflip,2012,112.0,1000000,PG-13,1.0
6450,6450,4868,310190,the call of cthulhu,2005,47.0,50000,,homefront,2005,24.0,50000,,0.6666666666666666
17864,17864,1629,847279,southpaw,2015,124.0,30000000,R,wild card,2015,92.0,30000000,R,0.6666666666666666
13018,13018,2924,664688,about time,2013,123.0,12000000,R,stoker,2013,99.0,12000000,R,0.6666666666666666
11845,11845,4524,617727,fear clinic,2015,95.0,1000000,R,saynara,2015,112.0,1000000,,0.6666666666666666
7166,7166,1858,342686,the help,2011,146.0,25000000,PG-13,ironclad,2011,121.0,25000000,R,0.6666666666666666
7761,7761,4664,374853,rodeo girl,2016,108.0,500000,PG,kings of the rodeo,2016,90.0,500000,,0.75
9771,9771,1755,509609,no reservations,2007,104.0,28000000,PG,no reservations,2007,104.0,28000000,PG,1.0
15653,15653,4495,751239,the specials,2000,82.0,1000000,R,the price of air,2000,88.0,1000000,,0.75
2709,2709,1440,133887,mirrors,2008,112.0,35000000,R,che: part one,2008,134.0,35000000,,0.6666666666666666
15853,15853,4865,756936,hayride,2012,93.0,60000,Not Rated,the rule of law,2012,89.0,60000,,0.6666666666666666
13384,13384,3540,680956,tales from the hood,1995,98.0,6000000,R,tales from the crypt: demon knight,1995,92.0,13000000,R,0.6666666666666666
15355,15355,4220,741721,the missing person,2009,95.0,1500000,,the missing person,2009,95.0,1500000,,1.0
3435,3435,2496,164817,damnation alley,1977,91.0,17000000,PG,damnation alley,1977,91.0,17000000,,1.0
10618,10618,422,560600,dredd,2012,95.0,35000000,R,playing for keeps,2012,105.0,35000000,PG-13,0.6666666666666666
1143,1143,3014,60272,o,2001,95.0,5000000,R,another life,2001,101.0,5000000,,0.6666666666666666
10280,10280,2269,542660,connie and carla,2004,108.0,20000000,PG-13,paparazzi,2004,84.0,20000000,PG-13,0.6666666666666666
15737,15737,2497,753680,the apparition,2012,83.0,17000000,PG-13,the real life of true ghost hunters exposed: for real: undercover: westside apparition and paranormal soceity,2012,22.0,25000,,0.75
10508,10508,4002,554854,phat girlz,2006,99.0,3000000,PG-13,phat girlz,2006,99.0,3000000,PG-13,1.0
16263,16263,1274,769890,city by the sea,2002,108.0,60000000,R,the tuxedo,2002,98.0,60000000,PG-13,0.75
5828,5828,318,282490,green zone,2010,115.0,100000000,R,green zone,2010,115.0,100000000,R,1.0
15717,15717,4309,753078,waitress,2007,108.0,2000000,PG-13,the rage,2007,85.0,2000000,R,0.6666666666666666
10923,10923,4553,578298,a separation,2011,123.0,500000,PG-13,qirej,2011,93.0,500000,,0.6666666666666666
7749,7749,4831,374655,the birth of a nation,2016,120.0,10000000,R,king of the south,2016,200.0,10000000,,0.6666666666666666
3828,3828,4052,185685,30 nights of paranormal activity with the devil inside the girl with the dragon tattoo,2013,80.0,3000000,R,devil of the bayou,2013,9.0,0,,0.6666666666666666
16,16,3650,1429,clerks ii,2006,97.0,5000000,R,.45,2006,101.0,5000000,R,0.6666666666666666
11496,11496,2717,601735,romeo + juliet,1996,120.0,14500000,PG-13,romeo + juliet,1996,120.0,14500000,PG-13,1.0
4696,4696,3925,233639,evil dead ii,1987,37.0,3600000,X,evil dead ii,1987,37.0,3600000,,1.0
15855,15855,3847,756946,secretary,2002,104.0,4000000,R,the rules of attraction,2002,110.0,4000000,R,0.6666666666666666
16157,16157,796,766084,inkheart,2008,106.0,60000000,PG,the tale of despereaux,2008,90.0,60000000,,0.6666666666666666
3116,3116,959,151291,i am number four,2011,109.0,60000000,PG-13,contagion,2011,106.0,60000000,PG-13,0.6666666666666666
5157,5157,3036,253680,for greater glory: the true story of cristiada,2012,145.0,10818775,R,for greater glory: the true story of cristiada,2012,145.0,10818775,R,1.0
11340,11340,4775,595788,burn,2012,86.0,225000,Not Rated,richie sambora at fonda theater: burn that candle down,2012,,385124,,0.6666666666666666
17667,17667,4190,836585,captive,2015,97.0,2000000,PG-13,we are your friends,2015,96.0,2000000,R,0.6666666666666666
11504,11504,4480,601868,the battle of shaker heights,2003,79.0,1000000,PG-13,romp,2003,,1000000,,0.6666666666666666
14712,14712,3397,724314,the wave,2008,107.0,5000000,,the haunting of molly hartley,2008,82.0,5000000,PG-13,0.75
12229,12229,4294,634015,yes,2004,100.0,1000000,R,shibuya kaidan,2004,71.0,1000000,,0.6666666666666666
1657,1657,4594,86060,after,2012,90.0,650000,PG-13,beach 87th st./surfing after sandy,2012,14.0,0,,0.6666666666666666
12434,12434,4406,642596,q,2011,103.0,1500000,,sironia,2011,105.0,1500000,PG,0.6666666666666666
15840,15840,3578,756542,11:14,2003,85.0,6000000,R,the room,2003,99.0,6000000,R,0.6666666666666666
5845,5845,1414,283145,neighbors 2: sorority rising,2016,92.0,35000000,R,grimsby,2016,83.0,35000000,R,0.6666666666666666
3681,3681,560,176480,sphere,1998,134.0,75000000,PG-13,deep impact,1998,120.0,75000000,PG-13,0.6666666666666666
13482,13482,1633,685734,step up 3d,2010,107.0,30000000,PG-13,tekken,2010,87.0,30000000,R,0.6666666666666666
14501,14501,2709,718098,khumba,2013,85.0,20000000,Not Rated,the fox lover,2013,,20000000,,0.6666666666666666
18267,18267,4499,867116,special,2006,81.0,1000000,R,zombie prom,2006,36.0,1000000,,0.6666666666666666
18237,18237,4671,865045,conversations with other women,2005,84.0,450000,R,zerophilia,2005,90.0,450000,,0.6666666666666666
8933,8933,4877,468053,raymond did it,2011,83.0,40000,Unrated,merhaba,2011,20.0,40000,,0.6666666666666666
16331,16331,2267,772304,the man,2005,83.0,33000000,PG-13,the vitruvian man,2005,22.0,1500,,0.75
4842,4842,4513,239209,childless,2008,90.0,1000000,R,familiar strangers,2008,86.0,1000000,PG-13,0.6666666666666666
16539,16539,2885,779299,chronicle,2012,89.0,12000000,PG-13,think like a man,2012,122.0,12000000,PG-13,0.6666666666666666
12136,12136,4876,630616,dawn of the crescent moon,2014,95.0,75000,,shadows of the moon,2014,10.0,5000,,0.6666666666666666
10063,10063,1656,529067,bulworth,1998,108.0,30000000,R,one true thing,1998,127.0,30000000,R,0.6666666666666666
11861,11861,1066,618390,scary movie 3,2003,84.0,48000000,PG-13,scary movie 3,2003,84.0,48000000,PG-13,1.0
7980,7980,312,406776,land of the lost,2009,102.0,100000000,PG-13,land of the lost,2009,102.0,100000000,PG-13,1.0
15006,15006,570,731630,the majestic,2001,152.0,72000000,PG,the last castle,2001,131.0,72000000,R,0.75
2028,2028,1982,102576,where the truth lies,2005,107.0,25000000,R,bloodrayne,2005,95.0,25000000,R,0.6666666666666666
12453,12453,4553,643993,a separation,2011,123.0,500000,PG-13,skeptical,2011,,500000,,0.6666666666666666
3488,3488,3938,167628,batman: the dark knight returns  part 2,2013,148.0,3500000,PG-13,dark skies,2013,97.0,3500000,PG-13,0.75
6530,6530,3191,312328,you got served: beat the world,2011,91.0,10000000,PG-13,horrorween,2011,,10000000,,0.6666666666666666
15036,15036,1534,732645,takers,2010,107.0,20000000,PG-13,the last song,2010,107.0,20000000,PG,0.6666666666666666
11001,11001,2142,582310,school of rock,2003,108.0,35000000,PG-13,radio,2003,109.0,35000000,PG,0.6666666666666666
11756,11756,1221,613480,unknown,2011,113.0,30000000,PG-13,sanctum,2011,108.0,30000000,R,0.6666666666666666
1952,1952,2196,100774,eternal sunshine of the spotless mind,2004,108.0,20000000,R,blast,2004,92.0,20000000,R,0.6666666666666666
14841,14841,1934,727087,war,2007,103.0,25000000,R,the hunting party,2007,101.0,25000000,R,0.6666666666666666
9252,9252,2122,481662,moonlight mile,2002,112.0,21000000,PG-13,moonlight mile,2002,120.0,21000000,PG-13,1.0
14628,14628,1903,721742,the giver,2014,97.0,25000000,PG-13,the grand budapest hotel,2014,99.0,25000000,R,0.75
6078,6078,4751,293189,teeth and blood,2015,96.0,300000,,harney,2015,,300000,,0.6666666666666666
12860,12860,2834,660118,chloe,2009,96.0,11000000,R,st trinians 2: the legend of frittons gold,2009,106.0,11000000,,0.6666666666666666
2190,2190,3373,109769,code of honor,2016,106.0,8000000,R,brandenburg,2016,,8000000,,0.6666666666666666
11454,11454,1343,599918,rock star,2001,105.0,57000000,R,rock star,2001,105.0,57000000,R,1.0
6137,6137,4865,295287,hayride,2012,93.0,60000,Not Rated,hayride,2012,93.0,60000,,1.0
2742,2742,4182,135002,winters bone,2010,100.0,2000000,R,cherry.,2010,98.0,2000000,,0.6666666666666666
11266,11266,4125,593009,antibirth,2016,94.0,3500000,,resolution song,2016,93.0,3500000,,0.6666666666666666
15689,15689,4499,752319,special,2006,81.0,1000000,R,the pumpkin karver,2006,90.0,1000000,R,0.6666666666666666
10795,10795,1176,571808,the proposal,2009,108.0,40000000,PG-13,privateer,2009,10.0,40000000,,0.6666666666666666
5431,5431,129,264001,angels and demons,2009,146.0,150000000,PG-13,g-force,2009,88.0,150000000,PG,0.6666666666666666
5164,5164,4236,253935,rockaway,2007,90.0,2000000,R,for never,2007,81.0,2000000,,0.6666666666666666
2183,2183,4169,109104,boys dont cry,1999,118.0,2000000,R,boys dont cry,1999,118.0,2000000,R,1.0
8359,8359,3338,435856,anomalisa,2015,90.0,8000000,R,looking for rohmer,2015,,8000000,,0.6666666666666666
18096,18096,2273,857560,battle of the year,2013,110.0,20000000,PG-13,year of the snake,2013,10.0,10000,,0.6666666666666666
14613,14613,4442,721339,cry_wolf,2005,90.0,1000000,PG-13,the good humor man,2005,112.0,1000000,R,0.6666666666666666
2952,2952,4514,144389,zmd: zombies of mass destruction,2009,89.0,500000,R,clownstrophobia,2009,78.0,500000,,0.6666666666666666
12409,12409,784,641339,sinbad: legend of the seven seas,2003,85.0,60000000,PG,sinbad: legend of the seven seas,2003,86.0,60000000,PG,1.0
4693,4693,2572,233615,twins,1988,107.0,15000000,PG,evil angels,1988,122.0,15000000,,0.6666666666666666
13293,13293,4904,676501,tin can man,2007,83.0,10000,,swivel,2007,,10000,,0.6666666666666666
763,763,4508,39227,jimmy and judy,2006,99.0,1000000,R,after...,2006,80.0,1000000,R,0.6666666666666666
7588,7588,4046,364272,demonic,2015,83.0,3000000,R,kakas great adventure,2015,18.0,3000000,,0.6666666666666666
2917,2917,657,143452,cliffhanger,1993,124.0,70000000,R,cliffhanger,1993,124.0,70000000,R,1.0
16103,16103,3464,763829,the heart of me,2002,96.0,7000000,R,the stickup,2002,97.0,7000000,R,0.75
17809,17809,3172,844761,severance,2006,90.0,5000000,R,white lies,2006,16.0,5000000,,0.6666666666666666
1586,1586,4841,83832,dude  wheres my dog!,2014,82.0,20000,PG,barqueiro,2014,15.0,20000,,0.6666666666666666
14133,14133,4742,706607,the incredibly true adventure of two girls in love,1995,94.0,250000,R,the crier,1995,78.0,250000,R,0.75
10957,10957,4734,579607,bizarre,2015,98.0,500000,Unrated,queers of the western zombie apocalypse,2015,,500000,,0.6666666666666666
14437,14437,4488,716009,hardflip,2012,112.0,1000000,PG-13,the films of allan a. goldstein,2012,75.0,1000000,,0.6666666666666666
4547,4547,403,225904,enemy of the state,1998,140.0,90000000,R,enemy of the state,1998,132.0,90000000,R,1.0
4583,4583,2444,227771,superbad,2007,119.0,20000000,R,epic movie,2007,86.0,20000000,PG-13,0.6666666666666666
16267,16267,624,769930,the twilight saga: eclipse,2010,124.0,68000000,PG-13,the twilight saga: eclipse,2010,124.0,68000000,PG-13,1.0
5271,5271,3589,258376,freaky deaky,2012,90.0,6000000,R,freaky deaky,2012,90.0,6000000,R,1.0
16589,16589,4441,782102,gods not dead 2,2016,120.0,5000000,PG,three-feet-distance,2016,,5000000,,0.6666666666666666
6931,6931,4488,334369,hardflip,2012,112.0,1000000,PG-13,in a small world,2012,106.0,1000000,,0.6666666666666666
3192,3192,4341,154053,trucker,2008,90.0,2000000,R,couch cases,2008,118.0,2000000,,0.6666666666666666
10982,10982,4879,581017,run  hide  die,2012,75.0,50000,,rlasum,2012,87.0,50000,,0.6666666666666666
16352,16352,2867,772901,tae guk gi: the brotherhood of war,2004,148.0,12800000,R,the war,2004,11.0,10000,,0.75
15249,15249,3948,738057,choke,2008,92.0,3000000,R,the making of the crew,2008,,3000000,,0.6666666666666666
821,821,1680,44395,alex and emma,2003,96.0,30000000,PG-13,alex and emma,2003,96.0,30000000,PG-13,1.0
12083,12083,4445,628444,transamerica,2005,103.0,1000000,R,seven swans,2005,32.0,1000000,,0.6666666666666666
3047,3047,4656,149159,girls gone dead,2012,104.0,500000,R,complacent,2012,,500000,,0.6666666666666666
16543,16543,2874,779300,think like a man,2012,122.0,12000000,PG-13,think like a man too,2014,106.0,24000000,PG-13,0.6666666666666666
18147,18147,1534,859883,takers,2010,107.0,20000000,PG-13,you again,2010,105.0,20000000,PG,0.6666666666666666
431,431,1476,16164,the tree of life,2011,139.0,32000000,PG-13,a day in the life of an elvis fan,2011,50.0,10000,,0.6666666666666666
7079,7079,3611,340313,mambo italiano,2003,92.0,5000000,R,intermission,2003,102.0,5000000,R,0.6666666666666666
15363,15363,4787,742218,the business of fancydancing,2002,103.0,200000,,the month of august,2002,92.0,200000,,0.6666666666666666
2087,2087,1550,105048,bogus,1996,110.0,30000000,PG,bogus,1996,110.0,30000000,PG,1.0
8295,8295,2900,432467,rounders,1998,121.0,12000000,R,living out loud,1998,103.0,12000000,R,0.6666666666666666
3465,3465,4848,166973,the past is a grotesque animal,2014,77.0,100000,Unrated,darbast,2014,,100000,,0.6666666666666666
4977,4977,4488,247245,hardflip,2012,112.0,1000000,PG-13,finding godot,2012,,1000000,,0.6666666666666666
8825,8825,2471,463150,mcfarland  usa,2015,129.0,17000000,PG,mcfarland  usa,2015,129.0,17000000,PG,1.0
2466,2466,4442,122132,cry_wolf,2005,90.0,1000000,PG-13,camp d.o.a.,2005,,1000000,,0.6666666666666666
16001,16001,3353,760980,the singing detective,2003,109.0,8000000,R,the singing detective,2003,109.0,8000000,R,1.0
12719,12719,2109,655612,south park: bigger longer and uncut,1999,81.0,21000000,R,south park: bigger  longer and uncut,1999,81.0,21000000,R,1.0
6455,6455,2388,310804,honey,2003,94.0,25000000,PG-13,honey,2003,94.0,25000000,PG-13,1.0
15476,15476,1877,746060,the omen,1976,107.0,2800000,R,the omen,1976,107.0,2800000,,1.0
791,791,4413,41508,airborne,1993,91.0,2600000,PG,airborne,1993,91.0,2600000,PG,1.0
10739,10739,4860,568146,absentia,2011,87.0,70000,R,prairie love,2011,108.0,70000,,0.6666666666666666
17244,17244,1480,815657,punisher: war zone,2008,103.0,35000000,R,untraceable,2008,101.0,35000000,R,0.6666666666666666
9828,9828,2599,513068,not another teen movie,2001,99.0,16000000,R,not another teen movie,2001,99.0,15000000,R,0.8333333333333334
10568,10568,4046,559301,demonic,2015,83.0,3000000,R,pizza with bullets,2015,99.0,3000000,,0.6666666666666666
10780,10780,1550,570613,bogus,1996,110.0,30000000,PG,primal fear,1996,129.0,30000000,R,0.6666666666666666
5481,5481,4445,265592,transamerica,2005,103.0,1000000,R,game 6,2005,80.0,1000000,R,0.6666666666666666
12592,12592,3572,648443,snow flower and the secret fan,2011,104.0,6000000,PG-13,snow flower and the secret fan,2011,104.0,6000000,PG-13,1.0
10927,10927,4513,578367,childless,2008,90.0,1000000,R,qosh bol  glsary!,2008,102.0,1000000,,0.6666666666666666
3232,3232,2881,155719,step up,2006,104.0,12000000,PG-13,crank,2006,93.0,12000000,R,0.6666666666666666
12598,12598,1186,648606,the conjuring 2,2016,134.0,40000000,R,snowden,2016,134.0,40000000,R,0.6666666666666666
14849,14849,2551,727130,good,2008,92.0,15000000,R,the hurt locker,2008,131.0,15000000,R,0.6666666666666666
16538,16538,2874,779299,think like a man,2012,122.0,12000000,PG-13,think like a man,2012,122.0,12000000,PG-13,1.0
2158,2158,4594,107828,after,2012,90.0,650000,PG-13,boston under: after hours,2012,,25000,,0.6666666666666666
4532,4532,2141,225714,tammy,2014,100.0,20000000,R,endless love,2014,104.0,20000000,PG-13,0.6666666666666666
4674,4674,3788,232928,spun,2002,106.0,2000000,R,every mothers son,2002,,2000000,,0.6666666666666666
16491,16491,1474,776951,the young victoria,2009,100.0,35000000,PG,the young victoria,2009,100.0,35000000,PG,1.0
14174,14174,1344,707567,precious,2009,109.0,10000000,R,the damned united,2009,98.0,10000000,R,0.6666666666666666
4008,4008,4585,196868,the sisterhood of night,2014,104.0,1000000,PG-13,dogman 2: the wrath of the litter,2014,87.0,1000000,,0.6666666666666666
760,760,4499,39227,special,2006,81.0,1000000,R,after...,2006,80.0,1000000,R,0.6666666666666666
17175,17175,4241,814029,small apartments,2012,96.0,2000000,R,unknowns,2012,,2000000,,0.6666666666666666
10156,10156,1560,535991,out of africa,1985,161.0,31000000,PG,out of africa,1985,161.0,31000000,,1.0
10686,10686,3730,564046,fascination,2004,103.0,5000000,R,pontormo,2004,,5000000,,0.6666666666666666
10777,10777,783,570433,priest,2011,87.0,60000000,PG-13,priest,2011,87.0,60000000,PG-13,1.0
10774,10774,1773,570387,pride and prejudice and zombies,2016,108.0,28000000,PG-13,pride and prejudice and zombies,2016,108.0,28000000,PG-13,1.0
17780,17780,2607,842958,wild,2014,115.0,15000000,R,when the game stands tall,2014,115.0,15000000,PG,0.6666666666666666
9875,9875,3692,516632,the forsaken,2001,90.0,5000000,R,o,2001,95.0,5000000,R,0.6666666666666666
5129,5129,768,252146,the sentinel,2006,107.0,60000000,PG-13,flyboys,2006,140.0,60000000,PG-13,0.6666666666666666
14305,14305,907,711910,the dukes of hazzard,2005,107.0,50000000,PG-13,the dukes of hazzard,2005,107.0,50000000,PG-13,1.0
5011,5011,4522,248176,the pet,2006,94.0,1000000,,fireflies,2006,52.0,1000000,,0.6666666666666666
1480,1480,2186,78896,risen,2016,107.0,20000000,PG-13,bad moms,2016,100.0,20000000,R,0.6666666666666666
8241,8241,1469,430194,lions for lambs,2007,92.0,35000000,R,lions for lambs,2007,92.0,35000000,R,1.0
2868,2868,750,142044,the tuxedo,2002,98.0,60000000,PG-13,city by the sea,2002,108.0,60000000,R,0.75
1514,1514,3699,80447,moon,2009,97.0,5000000,R,bakjwi,2009,148.0,5000000,R,0.6666666666666666
9692,9692,3817,506312,night of the living dead,1968,96.0,114000,Unrated,night of the living dead 3d,2006,80.0,750000,R,0.7142857142857143
9593,9593,2322,502303,hands of stone,2016,105.0,20000000,R,nerve,2016,96.0,20000000,PG-13,0.6666666666666666
9333,9333,1670,486534,fled,1996,105.0,25000000,R,mrs. winterbourne,1996,105.0,25000000,PG-13,0.6666666666666666
17205,17205,4642,814546,rubber,2010,82.0,500000,R,unrequited,2010,115.0,500000,,0.6666666666666666
2031,2031,2902,102624,prophecy,1979,102.0,12000000,PG,bloodline,1979,117.0,12000000,,0.6666666666666666
12905,12905,593,661549,star trek: insurrection,1998,103.0,58000000,PG,star trek: insurrection,1998,103.0,58000000,PG,1.0
9647,9647,4645,504814,monsters,2010,94.0,500000,R,nic and tristan go mega dega,2010,77.0,500000,,0.6666666666666666
13936,13936,2179,700892,doubt,2008,104.0,20000000,PG-13,the burning plain,2008,107.0,20000000,R,0.6666666666666666
13054,13054,1222,665481,the prestige,2006,130.0,40000000,PG-13,stormbreaker,2006,93.0,40000000,PG,0.6666666666666666
17777,17777,3060,842860,the boy,2016,97.0,10000000,PG-13,when the bough breaks,2016,107.0,10000000,PG-13,0.75
10397,10397,3358,548186,pathology,2008,95.0,8000000,R,pathology,2008,95.0,8000000,R,1.0
346,346,2244,9679,lockout,2012,95.0,20000000,PG-13,9mm,2012,,20000000,,0.6666666666666666
7221,7221,3202,345543,gunless,2010,89.0,10000000,,its a wonderful afterlife,2010,100.0,10000000,PG-13,0.6666666666666666
6807,6807,4352,324670,#horror,2015,101.0,1500000,Not Rated,ibiza,2015,95.0,1500000,,0.6666666666666666
557,557,549,26950,hostage,2005,113.0,52000000,R,a sound of thunder,2005,101.0,52000000,PG-13,0.6666666666666666
12109,12109,1083,630225,anaconda,1997,89.0,45000000,PG-13,shadow conspiracy,1997,103.0,45000000,R,0.6666666666666666
2972,2972,3390,145177,code 46,2003,93.0,7500000,R,code 46,2003,93.0,7500000,R,1.0
4508,4508,4761,223672,rust,2010,95.0,250000,PG,empleadas y patrones,2010,64.0,250000,,0.6666666666666666
17886,17886,2071,848003,underworld,2003,133.0,22000000,R,willard,2003,100.0,22000000,PG-13,0.6666666666666666
3277,3277,3682,156481,the beastmaster,1982,90.0,8000000,PG,creepshow,1982,130.0,8000000,,0.6666666666666666
5165,5165,4309,253935,waitress,2007,108.0,2000000,PG-13,for never,2007,81.0,2000000,,0.6666666666666666
17622,17622,4867,834791,counting,2015,111.0,50000,,wartorn,2015,,50000,,0.6666666666666666
17337,17337,2176,820082,vampires suck,2010,82.0,20000000,PG-13,vampires suck,2010,82.0,20000000,PG-13,1.0
4737,4737,4374,234818,the hebrew hammer,2003,87.0,1000000,R,exorcism,2003,98.0,1000000,PG-13,0.6666666666666666
10183,10183,4848,536568,the past is a grotesque animal,2014,77.0,100000,Unrated,outcall,2014,72.0,100000,,0.6666666666666666
17130,17130,2668,811998,boat trip,2002,97.0,20000000,R,undisputed,2002,96.0,20000000,R,0.6666666666666666
14113,14113,2172,706197,man of the year,2006,115.0,20000000,PG-13,the covenant,2006,97.0,20000000,PG-13,0.75
12917,12917,2031,661626,star wars: episode v - the empire strikes back,1980,127.0,18000000,PG,star wars: episode v - the empire strikes back,1980,127.0,18000000,PG,1.0
10916,10916,4635,577320,lonesome jim,2005,91.0,500000,R,puzzlehead,2005,81.0,500000,,0.6666666666666666
8460,8460,3201,442013,nurse 3d,2013,84.0,10000000,R,lovelace,2013,93.0,10000000,R,0.6666666666666666
5187,5187,3693,254702,force 10 from navarone,1978,126.0,5000000,PG,force 10 from navarone,1978,126.0,5000000,,1.0
8522,8522,2864,447682,machete,2010,105.0,10500000,R,machete dont text,2010,3.0,11500,,0.6666666666666666
4558,4558,1709,227040,wild card,2015,92.0,30000000,R,entourage,2015,104.0,30000000,R,0.6666666666666666
6256,6256,2038,300402,her,2013,126.0,23000000,R,her cry: la llorona investigation,2013,89.0,60000,,0.6666666666666666
7254,7254,4526,347361,a fine step,2014,111.0,1000000,PG,jaatishwar,2014,150.0,1000000,,0.6666666666666666
4379,4379,3106,210670,end of the spear,2005,108.0,10000000,PG-13,edmond,2005,82.0,10000000,R,0.6666666666666666
9188,9188,2232,480190,the kite runner,2007,128.0,20000000,PG-13,mongol,2007,126.0,20000000,R,0.6666666666666666
17442,17442,4751,827287,teeth and blood,2015,96.0,300000,,virtuous,2015,152.0,300000,,0.6666666666666666
3400,3400,4766,162865,undivided,2013,66.0,250000,PG,da rec,2013,,250000,,0.6666666666666666
10423,10423,4867,548891,counting,2015,111.0,50000,,paul sharits,2015,85.0,50000,,0.6666666666666666
14341,14341,4910,713014,cavite,2005,80.0,7000,Not Rated,the end of flowers,2005,16.0,7000,,0.6666666666666666
10139,10139,1398,533707,cape fear,1991,128.0,35000000,R,oscar,1991,109.0,35000000,,0.6666666666666666
15529,15529,3075,747159,the outsiders,1983,114.0,10000000,PG-13,the outsiders,1983,114.0,10000000,PG-13,1.0
13582,13582,4522,690818,the pet,2006,94.0,1000000,,the 9/11 commission report,2006,87.0,1000000,,0.75
8676,8676,1464,454855,parker,2013,118.0,35000000,R,mandela: long walk to freedom,2013,141.0,35000000,PG-13,0.6666666666666666
13413,13413,4049,682359,tanner hall,2009,96.0,3000000,R,tanner hall,2009,96.0,3000000,R,1.0
6644,6644,3748,315864,yoga hosers,2016,88.0,5000000,PG-13,howie,2016,,5000000,,0.6666666666666666
17458,17458,4523,828057,bang bang baby,2014,90.0,1000000,,vitamin,2014,,1000000,,0.6666666666666666
4110,4110,4403,201607,down and out with the dolls,2001,88.0,1200000,R,down and out with the dolls,2001,88.0,1200000,R,1.0
4808,4808,3043,238174,the purge: election year,2016,109.0,10000000,R,fairytale,2016,90.0,10000000,,0.6666666666666666
17136,17136,4478,812023,wristcutters: a love story,2006,88.0,1000000,R,undoing,2006,90.0,1000000,R,0.6666666666666666
13506,13506,1665,687762,mr 3000,2004,104.0,30000000,PG-13,terminal,2004,24.0,3000,,0.6666666666666666
12317,12317,1709,638499,wild card,2015,92.0,30000000,R,sicario,2015,121.0,30000000,R,0.6666666666666666
663,663,1597,34072,about schmidt,2002,125.0,30000000,R,about schmidt,2002,125.0,30000000,R,1.0
5961,5961,4637,289405,deceptive practice: the mysteries and mentors of ricky jay,2012,88.0,500000,,halley,2012,84.0,500000,,0.6666666666666666
156,156,930,4877,22 jump street,2014,112.0,50000000,R,22 jump street: dont cut yet,2014,,50000000,,0.8
5274,5274,2644,258506,freddy got fingered,2001,87.0,15000000,R,freddy got fingered,2001,87.0,14000000,R,0.8
15597,15597,1109,749124,multiplicity,1996,117.0,45000000,PG-13,the phantom,1996,100.0,45000000,PG,0.6666666666666666
1995,1995,4798,101508,the trials of darryl hunt,2006,106.0,200000,PG-13,blindsided,2006,65.0,200000,,0.6666666666666666
15514,15514,4867,746907,counting,2015,111.0,50000,,the other side of the lake the purple girl,2015,120.0,50000,,0.6666666666666666
3078,3078,2652,150376,confidence,2003,97.0,15000000,R,confidence,2003,97.0,15000000,R,1.0
15785,15785,3887,755371,the veil,2016,93.0,4000000,R,the riddle maker,2016,,4000000,,0.75
4825,4825,4473,238548,dream with the fishes,1997,97.0,1000000,R,fall,1997,93.0,1000000,,0.6666666666666666
13795,13795,1740,697117,the big short,2015,130.0,28000000,R,the big short,2015,130.0,28000000,R,1.0
2980,2980,3373,145258,code of honor,2016,106.0,8000000,R,code of honor,2016,106.0,8000000,R,1.0
16113,16113,4483,764216,once in a lifetime: the extraordinary story of the new york cosmos,2006,97.0,1000000,PG-13,the story of deacon,2006,20.0,5000,,0.6666666666666666
4658,4658,3161,232505,swept away,2002,89.0,10000000,R,evelyn,2002,95.0,10000000,PG,0.6666666666666666
9653,9653,3418,505240,logans run,1976,119.0,9000000,PG,nickelodeon,1976,129.0,9000000,,0.6666666666666666
16003,16003,3366,761017,swelter,2014,96.0,8000000,R,the single moms club,2014,111.0,8000000,PG-13,0.6666666666666666
11931,11931,4469,621989,brigham city,2001,119.0,1000000,PG-13,seance,2001,88.0,1000000,,0.6666666666666666
10596,10596,4681,559935,paranormal activity,2007,84.0,15000,R,plastic,2007,20.0,15000,,0.6666666666666666
9798,9798,936,511812,into the woods,2014,125.0,50000000,PG,non-stop,2014,106.0,50000000,PG-13,0.6666666666666666
12073,12073,3229,627839,set it off,1996,123.0,9000000,R,set it off,1996,123.0,9000000,R,1.0
3480,3480,2261,167511,burnt,2015,101.0,20000000,R,dark places,2015,113.0,20000000,R,0.6666666666666666
13706,13706,711,694186,the truman show,1998,103.0,60000000,PG,the avengers,1998,115.0,60000000,PG-13,0.75
11064,11064,1039,585715,k-pax,2001,120.0,48000000,PG-13,rat race,2001,112.0,48000000,PG-13,0.6666666666666666
6498,6498,2629,311641,flicka,2006,95.0,15000000,PG,hoot,2006,91.0,15000000,PG,0.6666666666666666
60,60,3788,2898,spun,2002,106.0,2000000,R,13 moons,2002,93.0,2000000,R,0.6666666666666666
167,167,949,4882,non-stop,2014,106.0,50000000,PG-13,22 jump street: janning and chonah,2014,,50000000,,0.6666666666666666
10542,10542,4886,558036,pink narcissus,1971,65.0,27000,Not Rated,pink narcissus,1971,65.0,27000,,1.0
7088,7088,1097,340584,the river wild,1994,111.0,45000000,PG-13,intersection,1994,98.0,45000000,R,0.6666666666666666
5823,5823,4869,281887,bending steel,2013,92.0,50000,,greasepaint,2013,84.0,50000,,0.6666666666666666
16253,16253,2362,769665,neighbors,2014,97.0,18000000,R,the truth about your happy neighbors,2014,2.0,0,,0.6666666666666666
7796,7796,3927,376829,sharknado,2013,97.0,1000000,TV-14,knife to a gunfight,2013,90.0,1000000,,0.6666666666666666
2332,2332,1670,115669,fled,1996,105.0,25000000,R,bulletproof,1996,84.0,25000000,R,0.6666666666666666
4211,4211,2613,204482,drive,2011,100.0,15000000,R,drive hard,2011,10.0,0,,0.6666666666666666
11038,11038,4522,584490,the pet,2006,94.0,1000000,,rampage: the hillside strangler murders,2006,85.0,1000000,R,0.75
11797,11797,1282,616899,the impossible,2012,114.0,45000000,PG-13,savages,2012,131.0,45000000,R,0.6666666666666666
5527,5527,4811,266889,perfect cowboy,2014,109.0,200000,,garwin,2014,68.0,200000,,0.6666666666666666
2956,2956,2575,144517,the color purple,1985,154.0,15000000,PG-13,clue,1985,97.0,15000000,,0.6666666666666666
15103,15103,478,733695,the legend of zorro,2005,129.0,75000000,PG,the legend of pete jones,2005,17.0,17000,,0.6666666666666666
14677,14677,3112,723128,sleepover,2004,89.0,10000000,PG,the grudge,2004,98.0,10000000,PG-13,0.6666666666666666
16386,16386,1744,773787,the wedding planner,2001,103.0,35000000,PG-13,the wedding planner,2001,103.0,35000000,PG-13,1.0
6295,6295,297,303318,national treasure,2004,131.0,100000000,PG,hidalgo,2004,136.0,100000000,PG-13,0.6666666666666666
13267,13267,4488,676005,hardflip,2012,112.0,1000000,PG-13,sweetwater,2012,109.0,1000000,,0.6666666666666666
18,18,4172,1469,courageous,2011,129.0,2000000,PG-13,00 - zero zero 3d,2011,75.0,2000000,,0.6666666666666666
18090,18090,2172,857513,man of the year,2006,115.0,20000000,PG-13,year,2006,102.0,7656,,0.6666666666666666
14964,14964,420,729993,nutty professor ii: the klumps,2000,109.0,65000000,PG-13,the kid,2000,104.0,65000000,PG,0.75
13492,13492,1729,686558,seed of chucky,2004,88.0,12000000,R,temptation,2004,,12000000,,0.6666666666666666
8815,8815,1670,462447,fled,1996,105.0,25000000,R,maximum risk,1996,101.0,25000000,R,0.6666666666666666
12734,12734,1365,656197,twilight,2008,122.0,37000000,PG-13,space chimps,2008,81.0,37000000,,0.6666666666666666
11398,11398,2155,597692,bad moms,2016,100.0,20000000,R,risen,2016,107.0,20000000,PG-13,0.6666666666666666
591,591,1482,29434,the walk,2015,123.0,35000000,PG,a walk through the woods,2015,20.0,2000,,0.75
6810,6810,354,324788,ice age: dawn of the dinosaurs,2009,94.0,90000000,PG,ice age: dawn of the dinosaurs,2009,122.0,90000000,PG,1.0
10435,10435,746,549401,paycheck,2003,119.0,60000000,PG-13,paycheck,2003,119.0,60000000,PG-13,1.0
12865,12865,3864,660520,shooting fish,1997,99.0,3000000,PG,stag,1997,91.0,3000000,,0.6666666666666666
3951,3951,4502,194029,in her line of fire,2006,88.0,1000000,R,disorder,2006,103.0,1000000,R,0.6666666666666666
3341,3341,954,160276,curious george,2006,78.0,50000000,G,curious george,2006,78.0,50000000,,1.0
9101,9101,760,475585,miss congeniality 2: armed and fabulous,2005,115.0,45000000,PG-13,miss congeniality 2: armed and fabulous,2005,115.0,45000000,PG-13,1.0
15102,15102,3256,733693,the legend of suriyothai,2001,300.0,400000000,R,the legend of parker rose,2001,,10000,,0.6666666666666666
7185,7185,4290,342782,i spit on your grave,2010,105.0,2000000,R,irreversi,2010,,2000000,PG-13,0.6666666666666666
13716,13716,4243,694347,the ghastly love of johnny x,2012,106.0,2000000,Not Rated,the aztecs,2012,12.0,2000000,,0.75
6786,6786,2290,323915,im not there.,2007,135.0,20000000,R,im not there.,2007,135.0,20000000,R,1.0
1057,1057,1100,55258,cellular,2004,94.0,25000000,PG-13,anacondas: the hunt for the blood orchid,2004,97.0,25000000,PG-13,0.6666666666666666
4615,4615,697,229883,3000 miles to graceland,2001,125.0,42000000,R,escucha!,2001,15.0,3000,,0.6666666666666666
3965,3965,2218,194444,georgia rule,2007,113.0,20000000,R,disturbia,2007,105.0,20000000,PG-13,0.6666666666666666
11202,11202,4024,591113,dysfunktional family,2003,89.0,3000000,R,rembrandt,2003,109.0,3000000,,0.6666666666666666
3101,3101,1943,151038,the ruins,2008,93.0,8000000,R,conspiracy,2008,90.0,8000000,R,0.6666666666666666
10965,10965,4684,580439,quincea√±era,2006,90.0,400000,R,quinceaera,2006,90.0,400000,R,0.6666666666666666
11833,11833,3040,617486,saw iii,2006,121.0,10000000,R,saw iii,2006,121.0,10000000,R,1.0
15823,15823,1573,756202,speed,1994,116.0,25000000,R,the road to wellville,1994,118.0,25000000,R,0.6666666666666666
5824,5824,1914,281980,elizabeth,1998,124.0,25000000,R,great expectations,1998,111.0,25000000,R,0.6666666666666666
2474,2474,528,122559,now you see me,2013,125.0,75000000,PG-13,can you hear me now,2013,33.0,2000,,0.6666666666666666
8971,8971,2056,470558,1408,2007,114.0,25000000,PG-13,michael clayton,2007,119.0,25000000,R,0.6666666666666666
651,651,4066,33455,amnesiac,2014,90.0,3000000,,abducted,2014,80.0,3000000,,0.6666666666666666
435,435,3927,16916,sharknado,2013,97.0,1000000,TV-14,a dream of flying,2013,,1000000,,0.6666666666666666
5777,5777,1622,279015,atonement,2007,123.0,30000000,R,goodbye bafana,2007,118.0,30000000,R,0.6666666666666666
4107,4107,2683,201478,mulholland drive,2001,147.0,15000000,R,down,2001,111.0,15000000,R,0.6666666666666666
3265,3265,3979,156386,the purge,2013,85.0,3000000,R,creatures of the night,2013,20.0,3000000,,0.75
14945,14945,3699,729400,moon,2009,97.0,5000000,R,the joneses,2009,96.0,5000000,R,0.6666666666666666
10084,10084,3956,530064,bella,2006,91.0,3300000,PG-13,only the brave,2006,99.0,3300000,R,0.6666666666666666
4296,4296,1294,207066,duplex,2003,89.0,40000000,PG-13,duplex,2003,89.0,40000000,PG-13,1.0
5339,5339,4142,259787,friday the 13th: a new beginning,1985,92.0,2200000,R,friday the 13th: a new beginning,1985,92.0,2200000,,1.0
5439,5439,4194,264062,shortbus,2006,101.0,2000000,Unrated,g.i. jesus,2006,100.0,2000000,R,0.6666666666666666
10360,10360,1865,546830,cloverfield,2008,85.0,25000000,PG-13,passengers,2008,93.0,25000000,PG-13,0.6666666666666666
10393,10393,2421,548161,mongol: the rise of genghis khan,2007,126.0,20000000,R,pathfinder,2007,99.0,20000000,R,0.6666666666666666
4139,4139,3681,202671,no escape,2015,103.0,5000000,R,dragon ball z: doragon bru z - fukkatsu no f,2015,93.0,5000000,,0.75
7711,7711,4341,373330,trucker,2008,90.0,2000000,R,killer movie,2008,93.0,2000000,R,0.6666666666666666
8394,8394,3454,438129,losin it,1983,100.0,7000000,R,losin it,1983,100.0,7000000,,1.0
17433,17433,3310,826877,50/50,2011,100.0,8000000,R,violet and daisy,2011,88.0,8000000,R,0.6666666666666666
12477,12477,3114,644889,macgruber,2010,95.0,10000000,R,skyline,2010,97.0,10000000,PG-13,0.6666666666666666
624,624,589,32195,avp: alien vs. predator,2004,109.0,60000000,PG-13,avp: alien vs. predator,2004,109.0,60000000,PG-13,1.0
15874,15874,4336,757487,the salon,2005,90.0,1500000,PG-13,the salon,2005,90.0,1500000,PG-13,1.0
14182,14182,2595,707759,krampus,2015,98.0,15000000,PG-13,the danish girl,2015,119.0,15000000,R,0.6666666666666666
10594,10594,4270,559783,battle for the planet of the apes,1973,96.0,1800000,G,planet of the apes,2001,119.0,100000000,PG-13,0.6666666666666666
2763,2763,2809,136566,childs play 2,1990,72.0,13000000,R,childs play 2,1990,72.0,13000000,,1.0
16622,16622,2926,784158,arbitrage,2012,107.0,12000000,R,tiger cage,2012,,12000000,,0.6666666666666666
13896,13896,4910,699617,cavite,2005,80.0,7000,Not Rated,the bracelet,2005,,7000,,0.6666666666666666
11366,11366,4358,596815,the dog lover,2016,101.0,2000000,PG,rightful,2016,,2000000,,0.6666666666666666
16871,16871,2211,797552,nerve,2016,96.0,20000000,PG-13,triple 9,2016,115.0,20000000,R,0.6666666666666666
7887,7887,4172,389661,courageous,2011,129.0,2000000,PG-13,la ltima mirada,2011,110.0,2000000,,0.6666666666666666
183,183,962,4889,the book of life,2014,95.0,50000000,PG,22 jump street: the perfect couple of directors,2014,,50000000,,0.6666666666666666
14167,14167,4046,707475,demonic,2015,83.0,3000000,R,the d train,2015,101.0,3000000,R,0.6666666666666666
17448,17448,4504,827853,heli,2013,105.0,1000000,Not Rated,visoka modna napetost,2013,,1000000,,0.6666666666666666
14367,14367,4480,713394,the battle of shaker heights,2003,79.0,1000000,PG-13,the era of vampires,2003,112.0,1000000,R,0.6666666666666666
15640,15640,2920,750762,the postman always rings twice,1981,122.0,12000000,R,the postman always rings twice,1981,122.0,12000000,,1.0
6747,6747,2847,320854,i love you phillip morris,2009,102.0,13000000,R,i love you less,2009,18.0,3000,,0.6666666666666666
7189,7189,1519,342913,safe,2012,94.0,30000000,R,is it safe,2012,14.0,2500,,0.6666666666666666
2711,2711,1723,133887,frost/nixon,2008,122.0,35000000,R,che: part one,2008,134.0,35000000,,0.6666666666666666
11963,11963,3923,622981,the secret in their eyes,2009,129.0,2000000,R,secret in their eyes,2015,111.0,19500000,PG-13,0.6666666666666666
11190,11190,4666,590804,the little ponderosa zoo,2016,84.0,500000,,relationsh*t,2016,,500000,,0.6666666666666666
11154,11154,4526,589202,a fine step,2014,111.0,1000000,PG,redeemed,2014,88.0,1000000,,0.6666666666666666
17756,17756,4867,841437,counting,2015,111.0,50000,,whats your watermark,2015,37.0,50000,,0.6666666666666666
9603,9603,4351,502644,checkmate,2015,97.0,1500000,,neulovimye,2015,86.0,1500000,,0.6666666666666666
11389,11389,4675,597653,rise of the entrepreneur: the search for a better way,2014,52.0,450000,G,rise of the entrepreneur: the search for a better way,2014,52.0,450000,,1.0
1495,1495,3190,79267,white noise 2: the light,2007,99.0,10000000,PG-13,badland,2007,165.0,10000000,R,0.6666666666666666
9465,9465,3699,492407,moon,2009,97.0,5000000,R,my moon,2009,,2500,,0.6666666666666666
11906,11906,2182,620606,copycat,1995,123.0,20000000,R,screamers,1995,108.0,20000000,R,0.6666666666666666
1985,1985,3832,101450,the last exorcism part ii,2013,93.0,5000000,PG-13,blinder,2013,102.0,5000000,,0.6666666666666666
17959,17959,596,851007,wolf,1994,125.0,70000000,R,wolf,1994,125.0,70000000,R,1.0
1984,1984,3652,101450,the way way back,2013,103.0,5000000,PG-13,blinder,2013,102.0,5000000,,0.6666666666666666
18088,18088,3023,857480,jindabyne,2006,118.0,15000000,R,ye yan,2006,131.0,15000000,,0.6666666666666666
15645,15645,986,751036,striptease,1996,117.0,40000000,R,the preachers wife,1996,123.0,40000000,PG,0.6666666666666666
7610,7610,4892,365536,dutch kills,2015,90.0,25000,,kamlaa,2015,,25000,,0.6666666666666666
11971,11971,1666,623022,the next three days,2010,133.0,35000000,PG-13,secretariat,2010,123.0,35000000,PG,0.6666666666666666
1469,1469,188,78558,bad boys ii,2003,147.0,130000000,R,bad boys ii,2003,147.0,130000000,R,1.0
10708,10708,4509,565524,frat party,2009,90.0,1000000,R,portlandia,2009,133.0,1000000,,0.6666666666666666
12605,12605,4867,649387,counting,2015,111.0,50000,,sobre tigres y quijotes,2015,,50000,,0.6666666666666666
1746,1746,3022,90268,lol,2012,97.0,11000000,PG-13,belyy tigr,2012,104.0,11000000,,0.6666666666666666
1427,1427,2520,77168,baby boy,2001,130.0,16000000,R,baby boy,2001,130.0,16000000,R,1.0
2054,2054,4412,103363,crowsnest,2012,84.0,1200000,R,blue like jazz,2012,108.0,1200000,PG-13,0.6666666666666666
14162,14162,3043,707375,the purge: election year,2016,109.0,10000000,R,the custodian,2016,,10000000,,0.75
12815,12815,3796,658600,after.life,2009,104.0,4500000,R,spoken word,2009,116.0,4500000,,0.6666666666666666
8224,8224,670,429717,resident evil: retribution,2012,96.0,65000000,R,lincoln,2012,150.0,65000000,PG-13,0.6666666666666666
12170,12170,4249,631761,the legend of hells gate: an american conspiracy,2011,108.0,2000000,PG-13,shapito-shou,2011,207.0,2000000,,0.6666666666666666
10864,10864,2170,574670,how stella got her groove back,1998,124.0,20000000,R,psycho,1998,105.0,20000000,R,0.6666666666666666
4288,4288,1478,206700,sabotage,2014,109.0,35000000,R,dumb and dumber to,2014,109.0,35000000,PG-13,0.6666666666666666
3343,3343,3649,160391,oculus,2013,104.0,5000000,R,curse of chucky,2013,97.0,5000000,R,0.6666666666666666
4707,4707,4066,233792,amnesiac,2014,90.0,3000000,,evliya elebi ve lmszlk suyu,2014,85.0,3000000,,0.6666666666666666
8172,8172,220,427788,life of pi,2012,127.0,120000000,PG,life of pi,2012,127.0,120000000,PG,1.0
16485,16485,2005,776640,the whole nine yards,2000,98.0,24000000,R,the yards,2000,115.0,24000000,R,1.0
13162,13162,4672,671033,poultrygeist: night of the chicken dead,2006,103.0,500000,Unrated,summercamp!,2006,85.0,500000,,0.6666666666666666
13183,13183,4122,672513,super,2010,96.0,2500000,R,super,2010,5.0,0,,0.6666666666666666
10416,10416,1815,548813,paul blart: mall cop,2009,91.0,26000000,PG,paul blart: mall cop,2009,91.0,26000000,PG,1.0
11020,11020,1851,583229,rain man,1988,133.0,25000000,R,rain man,1988,133.0,25000000,,1.0
13993,13993,270,702313,the cat in the hat,2003,82.0,109000000,PG,the cat in the hat,2003,82.0,109000000,PG,1.0
13287,13287,4233,676480,to be frank  sinatra at 100,2015,81.0,2000000,,switchh,2015,130.0,2000000,,0.6666666666666666
2976,2976,2161,145235,premonition,2007,96.0,20000000,PG-13,code name: the cleaner,2007,91.0,20000000,PG-13,0.6666666666666666
2330,2330,885,115655,bullet to the head,2012,92.0,55000000,R,bullet to the head,2012,92.0,55000000,R,1.0
3284,3284,1559,156962,criminal,2016,113.0,31500000,R,criminal,2016,113.0,31500000,R,1.0
10500,10500,4881,554142,the legend of gods gun,2007,78.0,30000,R,petersburg,2007,65.0,30000,,0.6666666666666666
930,930,3303,49063,little miss sunshine,2006,101.0,8000000,R,altered,2006,88.0,8000000,R,0.6666666666666666
437,437,4546,16916,1982,2013,90.0,1000000,R,a dream of flying,2013,,1000000,,0.6666666666666666
2472,2472,4871,122207,the image revolution,2014,81.0,50000,,camp-off,2014,,50000,,0.6666666666666666
15746,15746,4585,754330,the sisterhood of night,2014,104.0,1000000,PG-13,the redemption of henry myers,2014,101.0,1000000,,0.6666666666666666
3023,3023,4594,147385,after,2012,90.0,650000,PG-13,come after,2012,,4500,,0.6666666666666666
11690,11690,4115,609353,fuel,2008,112.0,2500000,Not Rated,sad,2008,96.0,2500000,,0.6666666666666666
8987,8987,3730,470940,fascination,2004,103.0,5000000,R,mickybo and me,2004,95.0,5000000,R,0.6666666666666666
14636,14636,2174,721981,the american,2010,105.0,20000000,R,the great american moon rock caper,2010,84.0,300000,,0.75
6645,6645,4441,315864,gods not dead 2,2016,120.0,5000000,PG,howie,2016,,5000000,,0.6666666666666666
7417,7417,2141,356125,tammy,2014,100.0,20000000,R,john wick,2014,101.0,20000000,R,0.6666666666666666
12575,12575,4028,648040,hobo with a shotgun,2011,86.0,3000000,Not Rated,snatched,2011,81.0,3000000,,0.6666666666666666
6284,6284,3466,302373,the extra man,2010,108.0,7000000,R,hesher,2010,106.0,7000000,R,0.6666666666666666
17764,17764,2507,842011,when harry met sally...,1989,89.0,16000000,R,when harry met sally...,1989,89.0,16000000,,1.0
12939,12939,740,662096,starsky and hutch,2004,101.0,60000000,PG-13,starsky and hutch,2004,101.0,60000000,PG-13,1.0
11031,11031,4003,584171,before midnight,2013,109.0,3000000,R,raltat,2013,90.0,3000000,,0.6666666666666666
13280,13280,4903,676380,the circle,2000,90.0,10000,Not Rated,swirlee,2000,16.0,10000,,0.6666666666666666
15211,15211,3204,736270,the lost city,2005,144.0,9600000,R,the lost city,2005,144.0,9600000,R,1.0
11341,11341,4344,595841,housebound,2014,107.0,350000,Not Rated,rick springfield: stripped down,2014,87.0,350000,,0.6666666666666666
3472,3472,4904,167171,tin can man,2007,83.0,10000,,darjeeling,2007,3.0,10000,,0.6666666666666666
14047,14047,2291,704557,the cold light of day,2012,93.0,20000000,PG-13,the cold light of day,2012,93.0,20000000,PG-13,1.0
16490,16490,1384,776951,the hangover,2009,108.0,35000000,R,the young victoria,2009,100.0,35000000,PG,0.75
3012,3012,4222,146807,london,2005,92.0,14000,R,color of crayons,2005,9.0,14000,,0.6666666666666666
15831,15831,2674,756315,the rocker,2008,102.0,15000000,PG-13,the rocker,2008,102.0,15000000,PG-13,1.0
8789,8789,2096,461140,hit and run,2012,100.0,2000000,R,material,2012,94.0,2000000,,0.6666666666666666
11167,11167,4904,589415,tin can man,2007,83.0,10000,,reds,2007,40.0,10000,,0.6666666666666666
11263,11263,4029,592952,compadres,2016,101.0,3000000,R,resilient,2016,,3000000,,0.6666666666666666
1182,1182,4026,61734,oldboy,2003,120.0,3000000,R,ao no hono-o,2003,116.0,3000000,,0.6666666666666666
11041,11041,4681,584676,paranormal activity,2007,84.0,15000,R,randal,2007,21.0,15000,,0.6666666666666666
17328,17328,1308,820058,hackers,1995,107.0,20000000,PG-13,vampire in brooklyn,1995,100.0,20000000,R,0.6666666666666666
2569,2569,1115,127288,nixon,1995,212.0,50000000,R,casper,1995,100.0,50000000,PG,0.6666666666666666
13297,13297,2503,676645,sydney white,2007,108.0,16500000,PG-13,sydney white,2007,108.0,16500000,PG-13,1.0
150,150,930,4874,22 jump street,2014,112.0,50000000,R,22 jump street,2014,112.0,50000000,R,1.0
10644,10644,4513,562003,childless,2008,90.0,1000000,R,poe: last days of the raven,2008,80.0,1000000,,0.6666666666666666
17784,17784,2540,843785,duets,2000,112.0,15000000,R,where the heart is,2000,120.0,15000000,PG-13,0.6666666666666666
7420,7420,1412,356297,radio,2003,109.0,35000000,PG,johnny english,2003,87.0,35000000,PG,0.6666666666666666
2040,2040,4905,102907,the cure,1997,111.0,1000000,,blossi/810551,1997,,1000000,,0.6666666666666666
16840,16840,612,796586,killer elite,2011,116.0,35000000,R,trespass,2011,91.0,35000000,R,0.6666666666666666
10601,10601,4121,560113,sleep dealer,2008,90.0,2500000,PG-13,platon,2008,90.0,2500000,,0.6666666666666666
3705,3705,3172,177591,severance,2006,90.0,5000000,R,delirious,2006,107.0,5000000,,0.6666666666666666
11616,11616,4059,606023,iguana,1988,97.0,3000000,,running on empty,1988,116.0,3000000,,0.6666666666666666
15126,15126,759,733824,the lego movie,2014,100.0,60000000,PG,the lego movie,2014,100.0,60000000,PG,1.0
12420,12420,4046,641881,demonic,2015,83.0,3000000,R,single in south beach,2015,95.0,3000000,,0.6666666666666666
13661,13661,2356,692540,the amityville horror,2005,90.0,19000000,R,the amityville horror,2005,90.0,19000000,R,1.0
4264,4264,3605,206031,don jon,2013,90.0,3000000,R,due,2013,,3000000,,0.6666666666666666
10691,10691,2160,564117,boogeyman,2005,89.0,20000000,PG-13,poohs heffalump movie,2005,68.0,20000000,,0.6666666666666666
15021,15021,3541,732126,the last king of scotland,2006,121.0,6000000,R,the last king of scotland,2006,121.0,6000000,R,1.0
7338,7338,3105,352139,the gift,2015,108.0,5000000,R,jem and the holograms,2015,118.0,5000000,PG,0.75
14946,14946,936,729585,into the woods,2014,125.0,50000000,PG,the judge,2014,141.0,50000000,R,0.75
5818,5818,300,281762,epic,2013,102.0,100000000,PG,gravity,2013,91.0,100000000,PG-13,0.6666666666666666
11823,11823,1628,617473,sicario,2015,121.0,30000000,R,savva. serdtse voina,2015,85.0,30000000,,0.6666666666666666
11291,11291,4076,593987,diary of the dead,2007,95.0,2000000,R,return of the living dead iii,1993,97.0,2000000,R,0.6666666666666666
3131,3131,4025,152031,tusk,2014,102.0,3000000,R,convict,2014,110.0,3000000,,0.6666666666666666
4545,4545,625,225895,the score,2001,124.0,68000000,R,enemy at the gates,2001,131.0,68000000,R,0.75
14944,14944,3182,729400,motherhood,2009,90.0,5000000,PG-13,the joneses,2009,96.0,5000000,R,0.6666666666666666
3336,3336,4826,159923,the blood of my brother,2005,90.0,120000,,cup of my blood,2005,107.0,450000,R,0.6666666666666666
5998,5998,121,290397,madagascar: escape 2 africa,2008,89.0,150000000,PG,hancock,2008,102.0,150000000,PG-13,0.6666666666666666
18205,18205,4552,863141,windsor drive,2015,90.0,100000,,zabaleen,2015,65.0,100000,,0.6666666666666666
861,861,4488,45693,hardflip,2012,112.0,1000000,PG-13,alina,2012,,1000000,,0.6666666666666666
10313,10313,1949,544390,legend,2015,132.0,30000000,R,paranormal chasers legend of the black cross,2015,,10000,,0.6666666666666666
8541,8541,144,448072,pan,2015,111.0,150000000,PG,mad max: fury road,2015,120.0,150000000,R,0.6666666666666666
5778,5778,2213,279087,vampires,1998,104.0,20000000,R,goodbye lover,1998,102.0,20000000,R,0.6666666666666666
5031,5031,546,248601,first knight,1995,134.0,55000000,PG-13,first knight,1995,134.0,55000000,PG-13,1.0
2424,2424,3443,119440,the other side of heaven,2001,113.0,7000000,PG,cq,2001,91.0,7000000,R,0.6666666666666666
2614,2614,4703,129731,censored voices,2015,84.0,450000,,censored voices,2015,84.0,450000,,1.0
3239,3239,2246,155723,crank: high voltage,2009,96.0,20000000,R,crank: high voltage,2009,96.0,20000000,R,1.0
4501,4501,4616,223438,benji,1974,86.0,500000,G,emmanuelle,1974,90.0,500000,,0.6666666666666666
7899,7899,4124,391048,stung,2015,87.0,2500000,Not Rated,la sargento matacho,2015,,2500000,,0.6666666666666666
6919,6919,4820,333973,aroused,2013,66.0,150000,,in their own words: veterans,2013,3.0,150000,,0.6666666666666666
8306,8306,2672,433408,in bruges,2008,107.0,15000000,R,loaded,2008,98.0,15000000,R,0.6666666666666666
